{"name":"b82db36c-6681-442f-b519-9db1016e4c34","id":"/providers/Microsoft.Flow/flows/b82db36c-6681-442f-b519-9db1016e4c34","type":"Microsoft.Flow/flows","properties":{"apiId":"/providers/Microsoft.PowerApps/apis/shared_logicflows","displayName":"StartEndDateExport","definition":{"metadata":{"workflowEntityId":null,"processAdvisorMetadata":null,"flowclientsuspensionreason":"None","flowclientsuspensiontime":null,"flowclientsuspensionreasondetails":null,"creator":{"id":"2e0dedc2-90a0-43c0-a225-f1c29ecb8f28","type":"User","tenantId":"5b4308bc-4f16-4e8d-aab0-26cc3b6f4bec"},"provisioningMethod":"FromDefinition","failureAlertSubscription":true,"clientLastModifiedTime":"2023-03-02T13:06:55.1041606Z"},"$schema":"https://schema.management.azure.com/providers/Microsoft.Logic/schemas/2016-06-01/workflowdefinition.json#","contentVersion":"1.0.0.0","parameters":{"$connections":{"defaultValue":{},"type":"Object"},"$authentication":{"defaultValue":{},"type":"SecureObject"}},"triggers":{"manual":{"metadata":{"operationMetadataId":"a883b1bd-c799-42e4-81ce-dd11297b7584"},"type":"Request","kind":"PowerApp","inputs":{"schema":{"type":"object","properties":{"UserMail_Value":{"type":"string","description":"Enter initial value","x-ms-powerflows-param-ispartial":false},"StartDate_Value":{"type":"string","description":"Enter initial value","x-ms-powerflows-param-ispartial":false},"Initializevariable_Value":{"type":"string","description":"Enter initial value","x-ms-powerflows-param-ispartial":false},"EndDate_Value":{"type":"string","description":"Enter initial value","x-ms-powerflows-param-ispartial":false}},"required":["UserMail_Value","StartDate_Value","Initializevariable_Value","EndDate_Value"]}}}},"actions":{"UserMail":{"runAfter":{},"metadata":{"operationMetadataId":"e86962ce-45a0-49ba-b8a2-73ffd53a2830"},"type":"InitializeVariable","inputs":{"variables":[{"name":"UserMail","type":"string","value":"@{triggerBody()['UserMail_Value']}"}]}},"StartDate":{"runAfter":{"UserMail":["Succeeded"]},"metadata":{"operationMetadataId":"3968d20d-45ab-40ee-aeb2-fb4fe8861eb0"},"type":"InitializeVariable","inputs":{"variables":[{"name":"StartDate","type":"string","value":"@{triggerBody()['StartDate_Value']}"}]}},"EndDate":{"runAfter":{"StartDate":["Succeeded"]},"metadata":{"operationMetadataId":"c5d8dd36-6d61-4d23-a5d9-016a1784b07d"},"type":"InitializeVariable","inputs":{"variables":[{"name":"EndDate","type":"string","value":"@{triggerBody()['EndDate_Value']}"}]}},"Get_items":{"runAfter":{"EndDate":["Succeeded"]},"metadata":{"operationMetadataId":"918ef336-9a1e-42b4-b759-7f329f58b072"},"type":"OpenApiConnection","inputs":{"host":{"apiId":"/providers/Microsoft.PowerApps/apis/shared_sharepointonline","connectionName":"shared_sharepointonline","operationId":"GetItems"},"parameters":{"dataset":"https://welspungroup.sharepoint.com/sites/Procurementflowtool","table":"771b31e1-178e-4efd-b483-b812f5d2a720","$filter":"Created ge '@{variables('StartDate')}' and Created le '@{variables('EndDate')}'"},"authentication":{"value":"@json(decodeBase64(triggerOutputs().headers['X-MS-APIM-Tokens']))['$ConnectionKey']","type":"Raw"}}},"Initialize_variable":{"runAfter":{"Get_items":["Succeeded"]},"metadata":{"operationMetadataId":"26259f1f-adf3-4e98-965b-355f6a8c93c2"},"type":"InitializeVariable","inputs":{"variables":[{"name":"Content","type":"string"}]}},"Apply_to_each":{"foreach":"@outputs('Get_items')?['body/value']","actions":{"Get_items_2":{"runAfter":{},"metadata":{"operationMetadataId":"3e45d914-f15a-40a9-b1d3-beabb2c1ab94"},"type":"OpenApiConnection","inputs":{"host":{"apiId":"/providers/Microsoft.PowerApps/apis/shared_sharepointonline","connectionName":"shared_sharepointonline","operationId":"GetItems"},"parameters":{"dataset":"https://welspungroup.sharepoint.com/sites/Procurementflowtool","table":"b0677f58-5a53-4665-a985-b958b599060c","$filter":"Title eq '@{items('Apply_to_each')?['ID']}'"},"authentication":{"value":"@json(decodeBase64(triggerOutputs().headers['X-MS-APIM-Tokens']))['$ConnectionKey']","type":"Raw"}}},"Apply_to_each_2":{"foreach":"@outputs('Get_items_2')?['body/value']","actions":{"Append_to_string_variable":{"runAfter":{},"metadata":{"operationMetadataId":"c605b74b-e730-40ab-a0c2-afed66482d4e"},"type":"AppendToStringVariable","inputs":{"name":"Content","value":"<tr>\n<td>@{items('Apply_to_each')?['RFQ_No']} </td>\n<td>@{items('Apply_to_each')?['Level']}</td>\n<td>@{items('Apply_to_each')?['Activity']}</td>\n<td>@{items('Apply_to_each')?['RevisedDate']}</td>\n<td>@{items('Apply_to_each')?['Author/DisplayName']}</td>\n<td>@{items('Apply_to_each')?['YourRemark']}</td>\n<td>@{items('Apply_to_each')?['Remark']}</td>\n<td>@{items('Apply_to_each')?['Description']}</td>\n</tr>"}}},"runAfter":{"Get_items_2":["Succeeded"]},"metadata":{"operationMetadataId":"ea5d7792-03cf-4d23-b178-3b0f8db443da"},"type":"Foreach"}},"runAfter":{"Initialize_variable":["Succeeded"]},"metadata":{"operationMetadataId":"e4ede61e-1932-4a1e-a0dc-0f88d77d1a54"},"type":"Foreach"},"Add_formate":{"runAfter":{"Apply_to_each":["Succeeded"]},"metadata":{"operationMetadataId":"09175b2f-ecab-4215-9908-931bc21e25ca"},"type":"Compose","inputs":"<!DOCTYPE html>\n<html>\n<head>\n<style>\ntable {\n  font-family: Calibri;\n  border-collapse: collapse;\n  width: 100%;\n}\n\ntd, th {\n  border: 1px solid #dddddd;\n  text-align: left;\n  padding: 8px;\n}\n\n\n</style>\n</head>\n<body>\n\n<table Style=\"background: linear-gradient(to right,#00b09b, #96c93d); '\">\n  <tr style=\" background: linear-gradient(to right,#43c6ac, #191654);\">\n<td><b>RFQ No</b></td>\n<td><b>Level</b></td>\n<td><b>Activity</b></td>\n<td><b>Date<b></td>\n<td><b>Name</b></td>\n<td><b>Level Remark</b></td>\n<td><b>Remark</b></td>\n<td><b>Description</b></td>\n</tr>\n@{variables('Content')}\n</table>\n\n</body>\n</html>"},"Create_file":{"runAfter":{"Add_formate":["Succeeded"]},"metadata":{"operationMetadataId":"9543651a-80df-41f6-9844-77d8bf35143e"},"type":"OpenApiConnection","inputs":{"host":{"apiId":"/providers/Microsoft.PowerApps/apis/shared_sharepointonline","connectionName":"shared_sharepointonline","operationId":"CreateFile"},"parameters":{"dataset":"https://welspungroup.sharepoint.com/sites/Procurementflowtool","folderPath":"/Log","name":"ProcurementFlow@{utcNow()}.xls","body":"@outputs('Add_formate')"},"authentication":{"value":"@json(decodeBase64(triggerOutputs().headers['X-MS-APIM-Tokens']))['$ConnectionKey']","type":"Raw"}},"runtimeConfiguration":{"contentTransfer":{"transferMode":"Chunked"}}},"Get_file_content_using_path":{"runAfter":{"Create_file":["Succeeded"]},"metadata":{"operationMetadataId":"a76b4647-1ca2-4ef1-9b13-f763e282fa37"},"type":"OpenApiConnection","inputs":{"host":{"apiId":"/providers/Microsoft.PowerApps/apis/shared_sharepointonline","connectionName":"shared_sharepointonline","operationId":"GetFileContentByPath"},"parameters":{"dataset":"https://welspungroup.sharepoint.com/sites/Procurementflowtool","path":"@outputs('Create_file')?['body/Path']","inferContentType":true},"authentication":{"value":"@json(decodeBase64(triggerOutputs().headers['X-MS-APIM-Tokens']))['$ConnectionKey']","type":"Raw"}}},"Send_an_email_(V2)":{"runAfter":{"Get_file_content_using_path":["Succeeded"]},"metadata":{"operationMetadataId":"982638f3-48ea-4b26-9832-ac84434678a1"},"type":"OpenApiConnection","inputs":{"host":{"apiId":"/providers/Microsoft.PowerApps/apis/shared_office365","connectionName":"shared_office365_1","operationId":"SendEmailV2"},"parameters":{"emailMessage/To":"@variables('UserMail')","emailMessage/Subject":"Procurement Flow Excel Export","emailMessage/Body":"<p>From Date:@{variables('StartDate')}<br>\nTo Date: &nbsp;&nbsp;&nbsp;@{variables('EndDate')}</p>","emailMessage/Attachments":[{"Name":"@outputs('Create_file')?['body/DisplayName']","ContentBytes":"@{body('Get_file_content_using_path')}@{body('Create_file')}@{body('Get_items')}@{triggerBody()}"}],"emailMessage/Importance":"Normal"},"authentication":{"value":"@json(decodeBase64(triggerOutputs().headers['X-MS-APIM-Tokens']))['$ConnectionKey']","type":"Raw"}}}}},"connectionReferences":{"shared_sharepointonline":{"connectionName":"0c81b4044b4d435cbe1e485c079763dd","source":"Invoker","id":"/providers/Microsoft.PowerApps/apis/shared_sharepointonline","tier":"NotSpecified"},"shared_office365_1":{"connectionName":"b3eaf0677cab4b489d8b9eeea252140f","source":"Invoker","id":"/providers/Microsoft.PowerApps/apis/shared_office365","tier":"NotSpecified"}},"flowFailureAlertSubscribed":false,"isManaged":false}}