{"name":"dcf15bfe-fc32-4a12-bee3-9a4f23f1c7d2","id":"/providers/Microsoft.Flow/flows/dcf15bfe-fc32-4a12-bee3-9a4f23f1c7d2","type":"Microsoft.Flow/flows","properties":{"apiId":"/providers/Microsoft.PowerApps/apis/shared_logicflows","displayName":"ProcurementFlowToolExport","definition":{"metadata":{"workflowEntityId":null,"processAdvisorMetadata":null,"flowclientsuspensionreason":"None","flowclientsuspensiontime":null,"flowclientsuspensionreasondetails":null,"creator":{"id":"2e0dedc2-90a0-43c0-a225-f1c29ecb8f28","type":"User","tenantId":"5b4308bc-4f16-4e8d-aab0-26cc3b6f4bec"},"provisioningMethod":"FromDefinition","failureAlertSubscription":true,"clientLastModifiedTime":"2023-03-02T13:00:19.2331451Z"},"$schema":"https://schema.management.azure.com/providers/Microsoft.Logic/schemas/2016-06-01/workflowdefinition.json#","contentVersion":"1.0.0.0","parameters":{"$connections":{"defaultValue":{},"type":"Object"},"$authentication":{"defaultValue":{},"type":"SecureObject"}},"triggers":{"manual":{"metadata":{"operationMetadataId":"ef99b5dd-34b8-4747-bd82-6e6d411e3ed6"},"type":"Request","kind":"PowerApp","inputs":{"schema":{"type":"object","properties":{"UserMail_Value":{"type":"string","description":"Enter initial value","x-ms-powerflows-param-ispartial":false},"RFQNo_Value":{"type":"string","description":"Enter initial value","x-ms-powerflows-param-ispartial":false}},"required":["UserMail_Value","RFQNo_Value"]}}}},"actions":{"UserMail":{"runAfter":{},"metadata":{"operationMetadataId":"43cd17da-9643-48c4-8312-c06706e63296"},"type":"InitializeVariable","inputs":{"variables":[{"name":"UserMail","type":"string","value":"@{triggerBody()['UserMail_Value']}"}]}},"RFQ_No":{"runAfter":{"UserMail":["Succeeded"]},"metadata":{"operationMetadataId":"4bffbe47-a1d9-466b-9935-a5f5a552e814"},"type":"InitializeVariable","inputs":{"variables":[{"name":"RFQ_No","type":"string","value":"@{triggerBody()['RFQNo_Value']}"}]}},"Get_items":{"runAfter":{"RFQ_No":["Succeeded"]},"metadata":{"operationMetadataId":"db917892-86db-46d9-8de7-21bc85f9a139"},"type":"OpenApiConnection","inputs":{"host":{"apiId":"/providers/Microsoft.PowerApps/apis/shared_sharepointonline","connectionName":"shared_sharepointonline","operationId":"GetItems"},"parameters":{"dataset":"https://welspungroup.sharepoint.com/sites/Procurementflowtool","table":"b0677f58-5a53-4665-a985-b958b599060c","$filter":"RFQ_No eq'@{variables('RFQ_No')}'"},"authentication":{"value":"@json(decodeBase64(triggerOutputs().headers['X-MS-APIM-Tokens']))['$ConnectionKey']","type":"Raw"}}},"Content":{"runAfter":{"Get_items":["Succeeded"]},"metadata":{"operationMetadataId":"47693cc5-e611-4dfa-ac0b-977806721998"},"type":"InitializeVariable","inputs":{"variables":[{"name":"Content","type":"string"}]}},"Apply_to_each":{"foreach":"@outputs('Get_items')?['body/value']","actions":{"Append_to_string_variable":{"runAfter":{},"metadata":{"operationMetadataId":"0bfe1e95-273a-44eb-b5c2-e6d9b7dc06ee"},"type":"AppendToStringVariable","inputs":{"name":"Content","value":"<tr>\n<td>@{items('Apply_to_each')?['RFQ_No']} </td>\n<td>@{items('Apply_to_each')?['Level']}</td>\n<td>@{items('Apply_to_each')?['Activity']}</td>\n<td>@{items('Apply_to_each')?['RevisedDate']}</td>\n<td>@{items('Apply_to_each')?['Author/DisplayName']}</td>\n<td>@{items('Apply_to_each')?['YourRemark']}</td>\n<td>@{items('Apply_to_each')?['Remark']}</td>\n<td>@{items('Apply_to_each')?['Description']}</td>\n</tr>"}}},"runAfter":{"Content":["Succeeded"]},"metadata":{"operationMetadataId":"5f4bafa4-776b-4505-954e-2a5abf34a9b1"},"type":"Foreach"},"Add_formate":{"runAfter":{"Apply_to_each":["Succeeded"]},"metadata":{"operationMetadataId":"09175b2f-ecab-4215-9908-931bc21e25ca"},"type":"Compose","inputs":"<!DOCTYPE html>\n<html>\n<head>\n<style>\ntable {\n  font-family: Calibri;\n  border-collapse: collapse;\n  width: 100%;\n}\n\ntd, th {\n  border: 1px solid #dddddd;\n  text-align: left;\n  padding: 8px;\n}\n\n\n</style>\n</head>\n<body>\n\n<table Style=\"background: linear-gradient(to right,#00b09b, #96c93d); '\">\n  <tr style=\" background: linear-gradient(to right,#43c6ac, #191654);\">\n<td><b>RFQ No</b></td>\n<td><b>Level</b></td>\n<td><b>Activity</b></td>\n<td><b>Date<b></td>\n<td><b>Name</b></td>\n<td><b>Level Remark</b></td>\n<td><b>Remark</b></td>\n<td><b>Description</b></td>\n</tr>\n@{variables('Content')}\n</table>\n\n</body>\n</html>"},"Create_file":{"runAfter":{"Add_formate":["Succeeded"]},"metadata":{"operationMetadataId":"711eb7e6-6fd0-45f0-a468-c08a02bdecb7"},"type":"OpenApiConnection","inputs":{"host":{"apiId":"/providers/Microsoft.PowerApps/apis/shared_sharepointonline","connectionName":"shared_sharepointonline","operationId":"CreateFile"},"parameters":{"dataset":"https://welspungroup.sharepoint.com/sites/Procurementflowtool","folderPath":"/Log","name":"Procurement_RFQNo_@{variables('RFQ_No')}.xls","body":"@outputs('Add_formate')"},"authentication":{"value":"@json(decodeBase64(triggerOutputs().headers['X-MS-APIM-Tokens']))['$ConnectionKey']","type":"Raw"}},"runtimeConfiguration":{"contentTransfer":{"transferMode":"Chunked"}}},"Get_file_content_using_path":{"runAfter":{"Create_file":["Succeeded"]},"metadata":{"operationMetadataId":"00b8f0bc-a4b4-42b5-b6a4-1c65997b13ae"},"type":"OpenApiConnection","inputs":{"host":{"apiId":"/providers/Microsoft.PowerApps/apis/shared_sharepointonline","connectionName":"shared_sharepointonline","operationId":"GetFileContentByPath"},"parameters":{"dataset":"https://welspungroup.sharepoint.com/sites/Procurementflowtool","path":"@outputs('Create_file')?['body/Path']","inferContentType":true},"authentication":{"value":"@json(decodeBase64(triggerOutputs().headers['X-MS-APIM-Tokens']))['$ConnectionKey']","type":"Raw"}}},"Send_an_email_(V2)":{"runAfter":{"Get_file_content_using_path":["Succeeded"]},"metadata":{"operationMetadataId":"0c04084f-07bc-4e3e-af63-f2569cc094ca"},"type":"OpenApiConnection","inputs":{"host":{"apiId":"/providers/Microsoft.PowerApps/apis/shared_office365","connectionName":"shared_office365_1","operationId":"SendEmailV2"},"parameters":{"emailMessage/To":"@variables('UserMail')","emailMessage/Subject":"Procurement Export having RFQ @{variables('RFQ_No')}","emailMessage/Body":"<p>Exported Procurement Document</p>","emailMessage/Attachments":[{"Name":"@outputs('Create_file')?['body/DisplayName']","ContentBytes":"@{body('Get_file_content_using_path')}@{body('Create_file')}@{body('Get_items')}@{triggerBody()}"}],"emailMessage/Importance":"Normal"},"authentication":{"value":"@json(decodeBase64(triggerOutputs().headers['X-MS-APIM-Tokens']))['$ConnectionKey']","type":"Raw"}}}}},"connectionReferences":{"shared_sharepointonline":{"connectionName":"0c81b4044b4d435cbe1e485c079763dd","source":"Invoker","id":"/providers/Microsoft.PowerApps/apis/shared_sharepointonline","tier":"NotSpecified"},"shared_office365_1":{"connectionName":"b3eaf0677cab4b489d8b9eeea252140f","source":"Invoker","id":"/providers/Microsoft.PowerApps/apis/shared_office365","tier":"NotSpecified"}},"flowFailureAlertSubscribed":false,"isManaged":false}}