{"schemaVersion":"1.0","appDefinitionTemplate":{"id":"/providers/Microsoft.PowerApps/apps/","type":"Microsoft.PowerApps/apps","tags":{"primaryDeviceWidth":"1366","primaryDeviceHeight":"768","supportsPortrait":"true","supportsLandscape":"true","primaryFormFactor":"Tablet","publisherVersion":"3.23023.21","minimumRequiredApiVersion":"2.2.0","hasComponent":"true","hasUnlockedComponent":"true","isUnifiedRootApp":"false","sienaVersion":"20230303T203108Z-3.23023.21.0"},"properties":{"appVersion":"2023-03-03T20:31:08Z","lifeCycleId":"Published","createdByClientVersion":{"major":3,"minor":23023,"build":21,"revision":0,"majorRevision":0,"minorRevision":0},"minClientVersion":{"major":3,"minor":23023,"build":21,"revision":0,"majorRevision":0,"minorRevision":0},"backgroundColor":"RGBA(0,176,240,1)","backgroundImageUri":"/14520625797744920045/N2d284e76-fd2c-451a-a405-7edc44af1cfd-logoSmallFile","displayName":"Procurement flow tool","description":"","commitMessage":"","appUris":{"documentUri":{"value":"/14520625797744920045/Ne82666ef-7ddc-4c69-a796-fa7b5e970489-document.msapp"},"imageUris":[],"additionalUris":[]},"createdTime":"0001-01-01T00:00:00Z","lastModifiedTime":"0001-01-01T00:00:00Z","sharedGroupsCount":0,"sharedUsersCount":0,"connectionReferences":{"df13c292-58ec-4e74-9a45-63cec472bfc4":{"id":"313e3267-5beb-44be-89ef-fc54c9c2bd4f","displayName":"SharePoint","iconUri":"https://connectoricons-prod.azureedge.net/u/laborbol/releases/ase-v3/1.0.1622.3200/sharepointonline/icon.png","dataSources":["RFQ","RFQ Mail","RFQ Sub"],"dependencies":[],"dependents":["900de520-6848-41b4-8298-a2e1700ac978","0f02d47c-cdea-4d0b-9628-f2ab917b1532"],"parameterHints":{},"parameterHintsV2":{},"isOnPremiseConnection":false,"bypassConsent":false,"dataSets":{"https://welspungroup.sharepoint.com/sites/Procurementflowtool":{"dataSources":{"RFQ":{"tableName":"771b31e1-178e-4efd-b483-b812f5d2a720"}}}},"apiTier":"Standard","isCustomApiConnection":false,"actions":["providers/PowerPlatform.Governance/Operations/Read","providers/PowerPlatform.Governance/Operations/Write"]},"2e6e101d-293e-40be-9db6-fb846f1c742f":{"id":"313e3267-5beb-44be-89ef-fc54c9c2bd4f","displayName":"SharePoint","iconUri":"https://connectoricons-prod.azureedge.net/u/laborbol/releases/ase-v3/1.0.1622.3200/sharepointonline/icon.png","dataSources":["RFQ Sub"],"dependencies":[],"dependents":[],"parameterHints":{},"parameterHintsV2":{},"isOnPremiseConnection":false,"bypassConsent":false,"dataSets":{"https://welspungroup.sharepoint.com/sites/Procurementflowtool":{"dataSources":{"RFQ Sub":{"tableName":"b0677f58-5a53-4665-a985-b958b599060c"}}}},"apiTier":"Standard","isCustomApiConnection":false,"actions":["providers/PowerPlatform.Governance/Operations/Read","providers/PowerPlatform.Governance/Operations/Write"]},"da503578-035c-4429-a07b-867eb5b3a36b":{"id":"313e3267-5beb-44be-89ef-fc54c9c2bd4f","displayName":"SharePoint","iconUri":"https://connectoricons-prod.azureedge.net/u/laborbol/releases/ase-v3/1.0.1622.3200/sharepointonline/icon.png","dataSources":["RFQ Mail"],"dependencies":[],"dependents":[],"parameterHints":{},"parameterHintsV2":{},"isOnPremiseConnection":false,"bypassConsent":false,"dataSets":{"https://welspungroup.sharepoint.com/sites/Procurementflowtool":{"dataSources":{"RFQ Mail":{"tableName":"6ebd1e7f-24c5-43c0-8068-d33d3735cd41"}}}},"apiTier":"Standard","isCustomApiConnection":false,"actions":["providers/PowerPlatform.Governance/Operations/Read","providers/PowerPlatform.Governance/Operations/Write"]},"b9923f25-42ec-45aa-a04e-f5fd09bbc84a":{"id":"3de6473f-dfbd-47be-ac7c-233b075d75fc","displayName":"Office 365 Outlook","iconUri":"https://connectoricons-prod.azureedge.net/u/laborbol/releases/ase-v3/1.0.1622.3200/office365/icon.png","dataSources":["Office365Outlook"],"dependencies":[],"dependents":[],"parameterHints":{},"parameterHintsV2":{},"isOnPremiseConnection":false,"bypassConsent":false,"dataSets":{},"apiTier":"Standard","isCustomApiConnection":false,"actions":["SendEmailV2"]},"900de520-6848-41b4-8298-a2e1700ac978":{"id":"d83bdbac-7c5b-490e-98be-63a6619a368d","displayName":"Logic flows","iconUri":"https://connectoricons-prod.azureedge.net/releases/v1.0.1615/1.0.1615.3163/logicflows/icon.png","dataSources":["ProcurementFlowToolExport"],"dependencies":["df13c292-58ec-4e74-9a45-63cec472bfc4","2f618a5f-fc0b-4017-9299-e9c3790ba23a"],"dependents":[],"parameterHints":{"workflowName":{"value":"3cc1d5a2-9570-420e-9c2e-2dd5790e6aae"},"workflowEntityId":{},"df13c292-58ec-4e74-9a45-63cec472bfc4":{"value":"shared_sharepointonline"},"2f618a5f-fc0b-4017-9299-e9c3790ba23a":{"value":"shared_office365_1"}},"parameterHintsV2":{"workflowName":{"value":"3cc1d5a2-9570-420e-9c2e-2dd5790e6aae"},"workflowEntityId":{},"shared_sharepointonline":{"value":"df13c292-58ec-4e74-9a45-63cec472bfc4"},"shared_office365_1":{"value":"2f618a5f-fc0b-4017-9299-e9c3790ba23a"}},"isOnPremiseConnection":false,"bypassConsent":false,"dataSets":{},"apiTier":"Standard","isCustomApiConnection":false,"actions":["Run"],"nestedActions":[{"id":"/providers/Microsoft.PowerApps/apis/shared_sharepointonline/apiOperations/GetItems","apiName":"SharePoint","actionName":"GetItems","referencedResources":[{"key":"site","value":"https://welspungroup.sharepoint.com/sites/Procurementflowtool"},{"key":"list","value":"b0677f58-5a53-4665-a985-b958b599060c"}]},{"id":"/providers/Microsoft.PowerApps/apis/shared_sharepointonline/apiOperations/CreateFile","apiName":"SharePoint","actionName":"CreateFile","referencedResources":[{"key":"site","value":"https://welspungroup.sharepoint.com/sites/Procurementflowtool"}]},{"id":"/providers/Microsoft.PowerApps/apis/shared_sharepointonline/apiOperations/GetFileContentByPath","apiName":"SharePoint","actionName":"GetFileContentByPath","referencedResources":[{"key":"site","value":"https://welspungroup.sharepoint.com/sites/Procurementflowtool"}]},{"id":"/providers/Microsoft.PowerApps/apis/shared_office365/apiOperations/SendEmailV2","apiName":"Office 365 Outlook","actionName":"SendEmailV2","referencedResources":[]}]},"2f618a5f-fc0b-4017-9299-e9c3790ba23a":{"id":"3de6473f-dfbd-47be-ac7c-233b075d75fc","displayName":"Office 365 Outlook","iconUri":"https://connectoricons-prod.azureedge.net/u/laborbol/releases/ase-v3/1.0.1622.3200/office365/icon.png","dataSources":[],"dependencies":[],"dependents":["900de520-6848-41b4-8298-a2e1700ac978","0f02d47c-cdea-4d0b-9628-f2ab917b1532"],"parameterHints":{},"parameterHintsV2":{},"isOnPremiseConnection":false,"bypassConsent":false,"dataSets":{},"apiTier":"Standard","isCustomApiConnection":false},"0f02d47c-cdea-4d0b-9628-f2ab917b1532":{"id":"d83bdbac-7c5b-490e-98be-63a6619a368d","displayName":"Logic flows","iconUri":"https://connectoricons-prod.azureedge.net/releases/v1.0.1615/1.0.1615.3163/logicflows/icon.png","dataSources":["StartEndDateExport"],"dependencies":["df13c292-58ec-4e74-9a45-63cec472bfc4","2f618a5f-fc0b-4017-9299-e9c3790ba23a"],"dependents":[],"parameterHints":{"workflowName":{"value":"83794681-8e2f-409a-8136-45f6eb91db8e"},"workflowEntityId":{},"df13c292-58ec-4e74-9a45-63cec472bfc4":{"value":"shared_sharepointonline"},"2f618a5f-fc0b-4017-9299-e9c3790ba23a":{"value":"shared_office365_1"}},"parameterHintsV2":{"workflowName":{"value":"83794681-8e2f-409a-8136-45f6eb91db8e"},"workflowEntityId":{},"shared_sharepointonline":{"value":"df13c292-58ec-4e74-9a45-63cec472bfc4"},"shared_office365_1":{"value":"2f618a5f-fc0b-4017-9299-e9c3790ba23a"}},"isOnPremiseConnection":false,"bypassConsent":false,"dataSets":{},"apiTier":"Standard","isCustomApiConnection":false,"actions":["Run"],"nestedActions":[{"id":"/providers/Microsoft.PowerApps/apis/shared_sharepointonline/apiOperations/GetItems","apiName":"SharePoint","actionName":"GetItems","referencedResources":[{"key":"site","value":"https://welspungroup.sharepoint.com/sites/Procurementflowtool"},{"key":"list","value":"771b31e1-178e-4efd-b483-b812f5d2a720"},{"key":"site","value":"https://welspungroup.sharepoint.com/sites/Procurementflowtool"},{"key":"list","value":"b0677f58-5a53-4665-a985-b958b599060c"}]},{"id":"/providers/Microsoft.PowerApps/apis/shared_sharepointonline/apiOperations/CreateFile","apiName":"SharePoint","actionName":"CreateFile","referencedResources":[{"key":"site","value":"https://welspungroup.sharepoint.com/sites/Procurementflowtool"}]},{"id":"/providers/Microsoft.PowerApps/apis/shared_sharepointonline/apiOperations/GetFileContentByPath","apiName":"SharePoint","actionName":"GetFileContentByPath","referencedResources":[{"key":"site","value":"https://welspungroup.sharepoint.com/sites/Procurementflowtool"}]},{"id":"/providers/Microsoft.PowerApps/apis/shared_office365/apiOperations/SendEmailV2","apiName":"Office 365 Outlook","actionName":"SendEmailV2","referencedResources":[]}]}},"databaseReferences":{},"almMode":"Environment","performanceOptimizationEnabled":true,"canConsumeAppPass":true,"enableModernRuntimeMode":false,"executionRestrictions":{"isTeamsOnly":false,"dataLossPreventionEvaluationResult":{"status":"Compliant","lastEvaluationDate":"2023-03-03T20:31:26.8632412Z","violations":[],"violationsByPolicy":[],"violationErrorMessage":"The app uses the following connectors: shared_sharepointonline, shared_office365, shared_logicflows."},"httpActionRestriction":{"appUsesSharepointHttpAction":false,"enforcementStrategy":"Legacy","evaluationTime":"2023-03-03T20:31:26.8630665Z"}}},"appType":"ClassicCanvasApp","appComponents":[]}}